,suspect,items
0,A,"Flashlight, Corned Beef, Salt, Eggs, Salad, Tuna, Garbage Bag, Mayo"
1,A,"Bandages, Water Bottle, Catnips, Rope, Salt, Mayo, Tomatoes, Flashlight, Disposable Gloves, Garbage Bag"
2,A,"Bandages, Bread, Salad, Batteries, Salt, Tomatoes, Corned Beef, Skyflakes"
3,A,"Eggs, Water Bottle, Bread, Catnips, Batteries, Disposable Gloves, Salt"
4,A,"Eggs, Water Bottle, Bread, Catnips, Tuna, Batteries, Salt, Mayo, Disposable Gloves, Garbage Bag, Skyflakes"
5,A,"Bandages, Bread, Tuna, Batteries, Rope, Mayo, Corned Beef, Garbage Bag, Skyflakes"
6,A,"Bandages, Bread, Salad, Catnips, Batteries, Rope, Mayo, Salt, Flashlight"
7,A,"Bandages, Eggs, Batteries, Rope, Mayo, Salt, Tomatoes, Flashlight, Disposable Gloves"
8,A,"Bandages, Eggs, Water Bottle, Bread, Salad, Tuna, Catnips, Rope, Mayo, Salt, Flashlight, Corned Beef, Skyflakes"
9,A,"Bandages, Water Bottle, Catnips, Tuna, Salad, Mayo, Disposable Gloves, Corned Beef, Skyflakes"
10,A,"Tomatoes, Flashlight, Eggs, Water Bottle, Catnips, Corned Beef, Rope, Salt"
11,A,"Bandages, Eggs, Tuna, Rope, Mayo, Salt, Flashlight, Disposable Gloves, Corned Beef, Skyflakes"
12,A,"Water Bottle, Bread, Catnips, Tuna, Batteries, Rope, Salt, Salad, Mayo, Corned Beef"
13,A,"Bandages, Eggs, Catnips, Tuna, Salad, Batteries, Salt, Mayo, Tomatoes, Flashlight, Corned Beef, Garbage Bag"
14,A,"Bandages, Bread, Catnips, Tuna, Batteries, Rope, Mayo, Salt, Tomatoes, Flashlight, Disposable Gloves"
15,A,"Bandages, Eggs, Catnips, Salad, Batteries, Tuna, Salt, Mayo, Tomatoes, Flashlight, Corned Beef, Skyflakes"
16,A,"Eggs, Bread, Catnips, Salad, Mayo, Salt, Tomatoes, Corned Beef"
17,A,"Bandages, Eggs, Water Bottle, Bread, Catnips, Batteries, Salt, Corned Beef, Garbage Bag, Skyflakes"
18,A,"Bandages, Catnips, Salad, Batteries, Rope, Salt, Flashlight, Disposable Gloves, Skyflakes"
19,A,"Bandages, Eggs, Water Bottle, Salad, Tuna, Batteries, Salt, Mayo, Tomatoes, Disposable Gloves, Corned Beef, Garbage Bag, Skyflakes"
20,A,"Bandages, Water Bottle, Batteries, Rope, Mayo, Tomatoes, Flashlight, Disposable Gloves, Garbage Bag, Skyflakes"
21,A,"Water Bottle, Bread, Salad, Tuna, Catnips, Salt, Mayo, Tomatoes, Disposable Gloves, Skyflakes"
22,A,"Bandages, Eggs, Water Bottle, Bread, Salad, Rope, Mayo, Salt, Corned Beef, Garbage Bag, Skyflakes"
23,A,"Bandages, Eggs, Water Bottle, Salad, Salt, Tomatoes, Disposable Gloves, Garbage Bag, Skyflakes"
24,A,"Bandages, Water Bottle, Bread, Salad, Catnips, Batteries, Rope, Tomatoes, Corned Beef, Skyflakes"
25,A,"Eggs, Tuna, Salt, Mayo, Tomatoes, Flashlight, Disposable Gloves, Corned Beef, Garbage Bag"
26,A,"Bandages, Water Bottle, Catnips, Batteries, Rope, Salt, Mayo, Disposable Gloves"
27,A,"Eggs, Salad, Catnips, Rope, Mayo, Salt, Tomatoes, Corned Beef, Garbage Bag, Skyflakes"
28,A,"Bandages, Eggs, Rope, Mayo, Salt, Tomatoes, Disposable Gloves, Corned Beef, Garbage Bag, Skyflakes"
29,A,"Bandages, Water Bottle, Bread, Tuna, Batteries, Salt, Mayo, Tomatoes, Flashlight, Corned Beef, Garbage Bag, Skyflakes"
30,A,"Bandages, Water Bottle, Salad, Tuna, Batteries, Rope, Mayo, Salt, Tomatoes, Garbage Bag"
31,A,"Eggs, Water Bottle, Catnips, Batteries, Mayo, Salt, Tomatoes, Flashlight, Corned Beef, Garbage Bag, Skyflakes"
32,A,"Bandages, Eggs, Water Bottle, Bread, Salad, Catnips, Tuna, Rope, Mayo, Salt, Tomatoes, Disposable Gloves, Skyflakes"
33,A,"Eggs, Water Bottle, Bread, Salad, Tuna, Rope, Mayo, Salt, Tomatoes, Flashlight, Disposable Gloves, Skyflakes"
34,A,"Bandages, Bread, Salad, Tuna, Salt, Mayo, Flashlight, Garbage Bag, Skyflakes"
35,A,"Eggs, Catnips, Salad, Batteries, Rope, Tuna, Mayo, Salt, Corned Beef, Skyflakes"
36,A,"Bandages, Water Bottle, Bread, Catnips, Salad, Batteries, Rope, Salt, Tuna, Mayo, Tomatoes, Garbage Bag, Skyflakes"
37,A,"Bandages, Water Bottle, Bread, Salad, Tuna, Mayo, Salt, Corned Beef"
38,A,"Eggs, Bread, Catnips, Salad, Batteries, Rope, Salt, Tuna, Mayo, Tomatoes, Disposable Gloves, Corned Beef"
39,A,"Bandages, Bread, Batteries, Salt, Flashlight, Disposable Gloves, Garbage Bag"
40,A,"Eggs, Water Bottle, Bread, Tuna, Batteries, Rope, Mayo, Salt, Disposable Gloves, Garbage Bag"
41,A,"Bandages, Eggs, Water Bottle, Bread, Catnips, Tuna, Batteries, Mayo, Salt, Flashlight, Disposable Gloves, Corned Beef, Skyflakes"
42,A,"Eggs, Salad, Tuna, Batteries, Rope, Mayo, Salt, Tomatoes, Disposable Gloves"
43,A,"Bandages, Eggs, Catnips, Tuna, Salad, Salt, Mayo, Flashlight, Corned Beef, Garbage Bag, Skyflakes"
44,A,"Bandages, Eggs, Salad, Tuna, Batteries, Rope, Salt, Mayo, Tomatoes, Flashlight"
45,A,"Eggs, Water Bottle, Salad, Tuna, Batteries, Mayo, Salt, Tomatoes, Disposable Gloves, Garbage Bag, Skyflakes"
46,A,"Water Bottle, Salad, Tuna, Batteries, Rope, Catnips, Mayo, Tomatoes, Flashlight, Disposable Gloves, Garbage Bag"
47,A,"Bandages, Bread, Salad, Tuna, Catnips, Rope, Mayo, Tomatoes, Flashlight, Disposable Gloves"
48,A,"Salad, Tuna, Salt, Mayo, Tomatoes, Flashlight, Disposable Gloves, Corned Beef, Skyflakes"
49,A,"Eggs, Water Bottle, Bread, Salad, Catnips, Batteries, Salt, Corned Beef, Garbage Bag"
50,A,"Flashlight, Eggs, Water Bottle, Bread, Disposable Gloves, Batteries, Rope, Salt"
51,A,"Bandages, Water Bottle, Catnips, Tuna, Mayo, Salt, Disposable Gloves, Corned Beef, Skyflakes"
52,A,"Bandages, Eggs, Catnips, Salad, Batteries, Tuna, Mayo, Salt, Disposable Gloves, Corned Beef, Garbage Bag, Skyflakes"
53,A,"Bandages, Tomatoes, Corned Beef, Tuna, Batteries, Rope, Mayo"
54,A,"Eggs, Salad, Tuna, Salt, Mayo, Flashlight, Corned Beef, Garbage Bag, Skyflakes"
55,A,"Eggs, Bread, Catnips, Tuna, Batteries, Rope, Salt, Mayo, Disposable Gloves, Corned Beef, Garbage Bag"
56,A,"Water Bottle, Salad, Tuna, Rope, Salt, Mayo, Tomatoes, Flashlight, Corned Beef, Garbage Bag, Skyflakes"
57,A,"Bandages, Salt, Tomatoes, Flashlight, Disposable Gloves, Corned Beef, Garbage Bag, Skyflakes"
58,A,"Water Bottle, Salad, Tuna, Batteries, Rope, Mayo, Tomatoes, Corned Beef, Garbage Bag, Skyflakes"
59,A,"Tomatoes, Salt, Eggs, Bread, Salad, Skyflakes, Batteries, Mayo"
60,B,"Bandages, Eggs, Water Bottle, Bread, Catnips, Tuna, Batteries, Mayo, Salt, Tomatoes, Flashlight, Corned Beef, Skyflakes"
61,B,"Bandages, Eggs, Water Bottle, Catnips, Tuna, Salad, Salt, Mayo, Tomatoes, Corned Beef, Skyflakes"
62,B,"Eggs, Bread, Catnips, Salad, Batteries, Rope, Salt, Tomatoes, Disposable Gloves, Skyflakes"
63,B,"Salt, Skyflakes, Eggs, Salad, Corned Beef, Batteries, Rope, Mayo"
64,B,"Eggs, Catnips, Salad, Batteries, Rope, Mayo, Salt, Tomatoes, Garbage Bag"
65,B,"Eggs, Bread, Salad, Catnips, Rope, Mayo, Salt, Disposable Gloves, Corned Beef, Skyflakes"
66,B,"Bandages, Eggs, Salad, Batteries, Rope, Mayo, Salt, Disposable Gloves, Garbage Bag"
67,B,"Water Bottle, Bread, Salad, Tuna, Rope, Mayo, Tomatoes, Flashlight"
68,B,"Bandages, Water Bottle, Bread, Catnips, Salad, Batteries, Rope, Salt, Tomatoes, Flashlight, Corned Beef, Garbage Bag"
69,B,"Bandages, Eggs, Catnips, Salad, Rope, Mayo, Salt, Tomatoes, Flashlight, Garbage Bag"
70,B,"Bandages, Eggs, Salad, Tuna, Batteries, Mayo, Salt, Disposable Gloves, Corned Beef, Garbage Bag"
71,B,"Bandages, Water Bottle, Bread, Salad, Batteries, Mayo, Corned Beef, Garbage Bag, Skyflakes"
72,B,"Eggs, Water Bottle, Bread, Catnips, Batteries, Salt, Flashlight, Disposable Gloves, Corned Beef, Skyflakes"
73,B,"Bandages, Eggs, Salad, Batteries, Salt, Tomatoes, Flashlight, Disposable Gloves, Corned Beef"
74,B,"Salad, Batteries, Rope, Mayo, Disposable Gloves, Corned Beef, Garbage Bag, Skyflakes"
75,B,"Bandages, Water Bottle, Bread, Catnips, Tuna, Rope, Salt, Mayo, Flashlight, Garbage Bag, Skyflakes"
76,B,"Bread, Salad, Rope, Tomatoes, Flashlight, Corned Beef"
77,B,"Bandages, Eggs, Bread, Catnips, Salad, Batteries, Salt, Flashlight, Disposable Gloves"
78,B,"Eggs, Bread, Salad, Batteries, Mayo, Salt, Tomatoes, Disposable Gloves, Corned Beef, Skyflakes"
79,B,"Bandages, Eggs, Water Bottle, Bread, Catnips, Tuna, Batteries, Mayo, Salt, Tomatoes, Corned Beef"
80,B,"Bandages, Eggs, Water Bottle, Bread, Catnips, Tuna, Batteries, Rope, Mayo, Salt, Flashlight"
81,B,"Bandages, Eggs, Water Bottle, Bread, Salad, Catnips, Rope, Mayo, Salt, Tomatoes, Flashlight, Garbage Bag"
82,B,"Mayo, Flashlight, Water Bottle, Disposable Gloves, Tuna, Batteries, Rope, Salt"
83,B,"Bandages, Bread, Catnips, Salad, Batteries, Mayo, Disposable Gloves, Corned Beef, Garbage Bag, Skyflakes"
84,B,"Bandages, Eggs, Catnips, Salad, Batteries, Rope, Salt, Mayo, Tuna, Disposable Gloves, Skyflakes"
85,B,"Bandages, Eggs, Water Bottle, Bread, Salad, Mayo, Salt, Tomatoes, Flashlight, Garbage Bag, Skyflakes"
86,B,"Bandages, Bread, Salad, Tuna, Rope, Salt, Mayo, Tomatoes, Corned Beef"
87,B,"Eggs, Bread, Salad, Tuna, Batteries, Rope, Mayo, Salt, Tomatoes, Flashlight, Garbage Bag"
88,B,"Bandages, Bread, Catnips, Salad, Salt, Mayo, Tomatoes, Flashlight, Disposable Gloves, Corned Beef, Garbage Bag, Skyflakes"
89,B,"Bandages, Water Bottle, Salad, Catnips, Batteries, Mayo, Tomatoes, Flashlight, Disposable Gloves, Corned Beef, Garbage Bag"
90,B,"Water Bottle, Salad, Catnips, Batteries, Tuna, Mayo, Flashlight, Disposable Gloves, Corned Beef, Garbage Bag"
91,B,"Skyflakes, Eggs, Catnips, Corned Beef, Salt, Rope, Mayo"
92,B,"Bandages, Eggs, Water Bottle, Catnips, Salad, Rope, Mayo, Salt, Tomatoes, Corned Beef, Garbage Bag, Skyflakes"
93,B,"Bandages, Water Bottle, Salad, Tuna, Catnips, Batteries, Salt, Mayo, Tomatoes, Skyflakes"
94,B,"Water Bottle, Salad, Tuna, Batteries, Salt, Mayo, Tomatoes, Flashlight, Corned Beef"
95,B,"Bread, Salad, Tuna, Rope, Salt, Mayo, Tomatoes, Flashlight, Corned Beef, Skyflakes"
96,B,"Bandages, Water Bottle, Catnips, Tuna, Batteries, Mayo, Salt, Tomatoes, Flashlight, Disposable Gloves, Corned Beef, Skyflakes"
97,B,"Eggs, Tuna, Batteries, Mayo, Salt, Tomatoes, Flashlight, Disposable Gloves, Corned Beef, Skyflakes"
98,B,"Bandages, Eggs, Bread, Catnips, Rope, Mayo, Salt, Flashlight, Corned Beef, Skyflakes"
99,B,"Water Bottle, Bread, Catnips, Tuna, Batteries, Salt, Mayo, Tomatoes, Corned Beef, Garbage Bag, Skyflakes"
100,B,"Eggs, Water Bottle, Bread, Catnips, Tuna, Batteries, Mayo, Salt, Tomatoes, Flashlight, Garbage Bag"
101,B,"Bandages, Water Bottle, Bread, Catnips, Tuna, Salad, Rope, Mayo, Salt, Tomatoes, Flashlight, Corned Beef, Garbage Bag"
102,B,"Bandages, Salt, Eggs, Water Bottle, Bread, Catnips, Batteries, Mayo"
103,B,"Bandages, Eggs, Bread, Catnips, Batteries, Rope, Salt, Tomatoes, Disposable Gloves"
104,B,"Bandages, Eggs, Water Bottle, Bread, Tuna, Batteries, Salt, Mayo, Tomatoes, Flashlight, Disposable Gloves, Garbage Bag, Skyflakes"
105,B,"Water Bottle, Salad, Tuna, Mayo, Flashlight, Disposable Gloves, Corned Beef, Garbage Bag"
106,B,"Eggs, Water Bottle, Bread, Catnips, Salad, Batteries, Rope, Salt, Mayo, Flashlight, Garbage Bag"
107,B,"Bandages, Salt, Garbage Bag, Eggs, Salad, Batteries, Disposable Gloves, Skyflakes"
108,B,"Eggs, Water Bottle, Catnips, Tuna, Batteries, Rope, Mayo, Salt, Flashlight, Disposable Gloves, Garbage Bag, Skyflakes"
109,B,"Bandages, Eggs, Catnips, Tuna, Salt, Mayo, Tomatoes, Flashlight, Skyflakes"
110,B,"Eggs, Water Bottle, Catnips, Tuna, Salad, Salt, Mayo, Tomatoes"
111,B,"Eggs, Water Bottle, Bread, Salad, Tuna, Batteries, Rope, Mayo, Salt, Tomatoes, Flashlight, Skyflakes"
112,B,"Water Bottle, Bread, Catnips, Rope, Salt, Mayo, Tomatoes, Flashlight, Corned Beef, Garbage Bag"
113,B,"Bandages, Eggs, Bread, Salad, Catnips, Batteries, Tuna, Mayo, Salt, Flashlight, Corned Beef, Garbage Bag"
114,B,"Bandages, Eggs, Bread, Catnips, Batteries, Mayo, Salt, Tomatoes, Disposable Gloves, Garbage Bag, Skyflakes"
115,B,"Mayo, Bandages, Tomatoes, Catnips, Tuna, Batteries, Disposable Gloves, Skyflakes"
116,B,"Bandages, Eggs, Water Bottle, Tuna, Rope, Mayo, Salt, Tomatoes, Flashlight, Disposable Gloves, Corned Beef"
117,B,"Water Bottle, Bread, Catnips, Tuna, Batteries, Rope, Salt, Mayo, Skyflakes"
118,B,"Water Bottle, Bread, Salad, Batteries, Mayo, Salt, Tomatoes, Flashlight, Corned Beef, Garbage Bag, Skyflakes"
119,B,"Bandages, Eggs, Water Bottle, Bread, Catnips, Tuna, Salad, Rope, Mayo, Batteries, Salt, Flashlight, Disposable Gloves, Garbage Bag, Skyflakes"
120,C,"Bandages, Eggs, Water Bottle, Salad, Tuna, Rope, Mayo, Salt, Flashlight, Disposable Gloves, Corned Beef, Garbage Bag, Skyflakes"
121,C,"Bread, Catnips, Salad, Batteries, Mayo, Tomatoes, Corned Beef, Garbage Bag, Skyflakes"
122,C,"Bandages, Water Bottle, Salad, Tuna, Catnips, Salt, Mayo, Flashlight"
123,C,"Water Bottle, Bread, Batteries, Mayo, Tomatoes, Flashlight, Corned Beef, Skyflakes"
124,C,"Bandages, Water Bottle, Bread, Tuna, Batteries, Salt, Mayo, Tomatoes, Disposable Gloves, Corned Beef, Garbage Bag"
125,C,"Eggs, Catnips, Tuna, Batteries, Salt, Mayo, Tomatoes, Disposable Gloves, Corned Beef, Garbage Bag"
126,C,"Corned Beef, Skyflakes, Flashlight, Salad, Tuna, Salt, Mayo"
127,C,"Bandages, Eggs, Water Bottle, Bread, Catnips, Tuna, Batteries, Mayo, Salt, Tomatoes, Corned Beef, Skyflakes"
128,C,"Mayo, Tomatoes, Flashlight, Bread, Catnips, Tuna, Garbage Bag, Skyflakes"
129,C,"Eggs, Water Bottle, Tuna, Rope, Salt, Mayo, Flashlight, Disposable Gloves, Corned Beef"
130,C,"Bread, Salad, Tuna, Batteries, Salt, Mayo, Flashlight, Corned Beef, Garbage Bag"
131,C,"Eggs, Bread, Salad, Tuna, Rope, Salt, Mayo, Tomatoes, Disposable Gloves, Corned Beef, Skyflakes"
132,C,"Water Bottle, Bread, Catnips, Tuna, Rope, Salt, Mayo, Tomatoes, Flashlight, Corned Beef"
133,C,"Eggs, Water Bottle, Salad, Tuna, Batteries, Rope, Mayo, Salt, Tomatoes, Flashlight, Corned Beef, Garbage Bag, Skyflakes"
134,C,"Eggs, Bread, Salad, Tuna, Batteries, Rope, Mayo, Salt, Disposable Gloves, Corned Beef, Garbage Bag, Skyflakes"
135,C,"Bandages, Eggs, Catnips, Tuna, Salad, Rope, Mayo, Salt, Disposable Gloves, Corned Beef, Garbage Bag, Skyflakes"
136,C,"Bandages, Bread, Catnips, Salad, Tuna, Rope, Mayo, Corned Beef, Garbage Bag, Skyflakes"
137,C,"Bandages, Eggs, Bread, Salad, Tuna, Batteries, Rope, Salt, Mayo, Tomatoes, Disposable Gloves, Skyflakes"
138,C,"Eggs, Water Bottle, Bread, Catnips, Batteries, Rope, Salt, Tomatoes, Flashlight, Disposable Gloves, Corned Beef, Garbage Bag"
139,C,"Bandages, Salad, Catnips, Batteries, Rope, Mayo, Tuna, Tomatoes, Flashlight, Disposable Gloves, Garbage Bag, Skyflakes"
140,C,"Bandages, Eggs, Water Bottle, Bread, Salad, Tuna, Rope, Salt, Mayo, Tomatoes, Corned Beef, Garbage Bag"
141,C,"Bandages, Water Bottle, Salad, Catnips, Tuna, Rope, Mayo, Batteries, Salt, Flashlight, Disposable Gloves, Corned Beef, Skyflakes"
142,C,"Flashlight, Disposable Gloves, Eggs, Salad, Skyflakes, Salt, Rope, Catnips"
143,C,"Bandages, Eggs, Salad, Tuna, Batteries, Rope, Salt, Mayo, Tomatoes, Flashlight, Disposable Gloves, Skyflakes"
144,C,"Bandages, Eggs, Water Bottle, Bread, Rope, Mayo, Salt, Tomatoes, Flashlight"
145,C,"Bandages, Water Bottle, Bread, Catnips, Tuna, Mayo, Salt, Tomatoes, Flashlight, Disposable Gloves, Corned Beef, Garbage Bag"
146,C,"Mayo, Flashlight, Corned Beef, Eggs, Catnips, Tuna, Salt"
147,C,"Bandages, Water Bottle, Bread, Catnips, Tuna, Salad, Salt, Mayo, Tomatoes, Garbage Bag"
148,C,"Bandages, Eggs, Water Bottle, Bread, Salad, Catnips, Batteries, Rope, Salt, Flashlight, Disposable Gloves, Garbage Bag"
149,C,"Eggs, Salad, Catnips, Batteries, Rope, Mayo, Tuna, Salt, Tomatoes, Disposable Gloves, Corned Beef, Garbage Bag, Skyflakes"
150,C,"Tomatoes, Garbage Bag, Eggs, Bread, Salad, Batteries, Salt"
151,C,"Bandages, Water Bottle, Salad, Tuna, Batteries, Rope, Mayo, Catnips, Tomatoes, Disposable Gloves, Corned Beef, Garbage Bag, Skyflakes"
152,C,"Bandages, Water Bottle, Bread, Catnips, Tuna, Rope, Mayo, Tomatoes, Corned Beef, Garbage Bag, Skyflakes"
153,C,"Eggs, Bread, Catnips, Tuna, Salad, Batteries, Salt, Mayo, Flashlight, Disposable Gloves, Corned Beef, Garbage Bag"
154,C,"Bandages, Eggs, Water Bottle, Bread, Salad, Catnips, Batteries, Salt, Corned Beef, Garbage Bag"
155,C,"Bandages, Eggs, Bread, Catnips, Salad, Mayo, Salt, Tomatoes, Flashlight, Skyflakes"
156,C,"Eggs, Bread, Catnips, Salad, Batteries, Mayo, Salt, Flashlight, Disposable Gloves, Garbage Bag"
157,C,"Eggs, Water Bottle, Salad, Tuna, Catnips, Batteries, Mayo, Salt, Flashlight, Corned Beef, Skyflakes"
158,C,"Eggs, Bread, Salad, Tuna, Mayo, Salt, Tomatoes, Flashlight, Disposable Gloves, Skyflakes"
159,C,"Bandages, Eggs, Water Bottle, Bread, Catnips, Tuna, Batteries, Mayo, Salt, Flashlight, Disposable Gloves, Corned Beef, Garbage Bag, Skyflakes"
160,C,"Bandages, Water Bottle, Salad, Tuna, Batteries, Catnips, Salt, Rope, Mayo, Tomatoes, Flashlight, Garbage Bag, Skyflakes"
161,C,"Water Bottle, Catnips, Salad, Batteries, Rope, Salt, Mayo, Tomatoes, Disposable Gloves, Corned Beef, Garbage Bag"
162,C,"Eggs, Bread, Catnips, Tuna, Batteries, Rope, Mayo, Salt, Tomatoes, Disposable Gloves, Corned Beef, Garbage Bag"
163,C,"Eggs, Water Bottle, Salad, Rope, Salt, Mayo, Tomatoes, Flashlight"
164,C,"Bandages, Eggs, Rope, Salt, Tomatoes, Flashlight, Disposable Gloves, Garbage Bag, Skyflakes"
165,C,"Water Bottle, Bread, Salad, Tuna, Batteries, Mayo, Salt, Flashlight, Corned Beef"
166,C,"Salad, Tuna, Batteries, Rope, Salt, Mayo, Tomatoes, Garbage Bag, Skyflakes"
167,C,"Bandages, Eggs, Bread, Salad, Tuna, Rope, Mayo, Salt, Garbage Bag, Skyflakes"
168,C,"Mayo, Bandages, Tomatoes, Water Bottle, Bread, Disposable Gloves, Tuna, Salt"
169,C,"Bandages, Water Bottle, Bread, Salad, Rope, Mayo, Salt, Flashlight, Corned Beef, Garbage Bag"
170,C,"Bandages, Eggs, Bread, Catnips, Tuna, Mayo, Salt, Tomatoes, Disposable Gloves, Corned Beef"
171,C,"Bandages, Water Bottle, Catnips, Batteries, Mayo, Tomatoes, Flashlight, Garbage Bag, Skyflakes"
172,C,"Bandages, Eggs, Water Bottle, Salad, Tuna, Salt, Mayo, Tomatoes, Flashlight, Corned Beef, Garbage Bag"
173,C,"Eggs, Tuna, Batteries, Mayo, Salt, Tomatoes, Flashlight, Corned Beef, Garbage Bag"
174,C,"Bread, Catnips, Batteries, Salt, Flashlight, Garbage Bag, Skyflakes"
175,C,"Mayo, Bread, Catnips, Tuna, Batteries, Rope, Salt"
176,C,"Bandages, Water Bottle, Bread, Tuna, Batteries, Rope, Salt, Mayo, Tomatoes, Flashlight, Corned Beef"
177,C,"Bandages, Eggs, Water Bottle, Bread, Catnips, Tuna, Rope, Mayo, Salt, Flashlight, Disposable Gloves"
178,C,"Water Bottle, Catnips, Tuna, Batteries, Rope, Salad, Mayo, Corned Beef, Skyflakes"
179,C,"Salad, Tuna, Rope, Mayo, Flashlight, Corned Beef, Garbage Bag, Skyflakes"
180,D,"Bandages, Eggs, Water Bottle, Disposable Gloves, Corned Beef, Salt, Mayo"
181,D,"Bandages, Salad, Tuna, Batteries, Rope, Mayo, Catnips, Flashlight, Disposable Gloves"
182,D,"Tomatoes, Flashlight, Salt, Eggs, Disposable Gloves, Batteries, Skyflakes"
183,D,"Bread, Salad, Batteries, Rope, Salt, Mayo, Tomatoes, Garbage Bag, Skyflakes"
184,D,"Bandages, Eggs, Bread, Tuna, Rope, Mayo, Salt, Flashlight, Corned Beef, Skyflakes"
185,D,"Eggs, Water Bottle, Bread, Catnips, Rope, Salt, Mayo, Garbage Bag"
186,D,"Bandages, Eggs, Bread, Catnips, Tuna, Batteries, Salt, Mayo, Garbage Bag"
187,D,"Bandages, Salad, Catnips, Batteries, Rope, Salt, Tomatoes, Flashlight, Skyflakes"
188,D,"Bandages, Garbage Bag, Eggs, Water Bottle, Salt, Tuna, Batteries, Mayo"
189,D,"Bandages, Catnips, Tuna, Salt, Mayo, Tomatoes, Corned Beef, Garbage Bag"
190,D,"Water Bottle, Catnips, Tuna, Salad, Rope, Mayo, Flashlight, Disposable Gloves, Corned Beef, Garbage Bag"
191,D,"Eggs, Bread, Catnips, Tuna, Batteries, Salt, Mayo, Disposable Gloves, Garbage Bag, Skyflakes"
192,D,"Eggs, Water Bottle, Bread, Salad, Rope, Salt, Tomatoes, Flashlight, Skyflakes"
193,D,"Eggs, Bread, Salad, Tuna, Catnips, Rope, Salt, Mayo, Tomatoes, Corned Beef, Garbage Bag"
194,D,"Bandages, Eggs, Catnips, Tuna, Salad, Batteries, Mayo, Salt, Tomatoes, Skyflakes"
195,D,"Bandages, Eggs, Water Bottle, Bread, Catnips, Salad, Rope, Mayo, Salt, Tomatoes, Flashlight, Garbage Bag, Skyflakes"
196,D,"Bandages, Eggs, Water Bottle, Bread, Catnips, Salad, Batteries, Salt, Disposable Gloves, Corned Beef, Skyflakes"
197,D,"Eggs, Salad, Tuna, Batteries, Rope, Salt, Mayo, Flashlight, Corned Beef, Garbage Bag, Skyflakes"
198,D,"Bandages, Catnips, Tuna, Salad, Rope, Mayo, Tomatoes, Corned Beef, Garbage Bag"
199,D,"Eggs, Water Bottle, Bread, Tuna, Batteries, Mayo, Salt, Flashlight, Corned Beef, Garbage Bag, Skyflakes"
200,D,"Bandages, Eggs, Bread, Catnips, Tuna, Salad, Rope, Salt, Mayo, Disposable Gloves, Corned Beef, Garbage Bag, Skyflakes"
201,D,"Eggs, Catnips, Tuna, Batteries, Mayo, Salt, Tomatoes, Disposable Gloves, Corned Beef, Garbage Bag, Skyflakes"
202,D,"Bandages, Eggs, Bread, Salad, Catnips, Tuna, Mayo, Salt, Flashlight, Disposable Gloves, Corned Beef, Skyflakes"
203,D,"Salad, Batteries, Rope, Flashlight, Disposable Gloves, Skyflakes"
204,D,"Water Bottle, Catnips, Salad, Rope, Salt, Flashlight, Disposable Gloves, Corned Beef"
205,D,"Bandages, Disposable Gloves, Eggs, Bread, Salad, Garbage Bag, Rope, Salt"
206,D,"Bread, Catnips, Salad, Batteries, Rope, Flashlight, Disposable Gloves, Skyflakes"
207,D,"Water Bottle, Bread, Salad, Batteries, Rope, Flashlight, Corned Beef, Garbage Bag"
208,D,"Water Bottle, Bread, Salad, Tuna, Batteries, Rope, Mayo, Salt"
209,D,"Eggs, Water Bottle, Tuna, Batteries, Rope, Salt, Mayo, Flashlight, Garbage Bag"
210,D,"Bandages, Catnips, Tuna, Salad, Rope, Salt, Mayo, Tomatoes, Flashlight, Garbage Bag, Skyflakes"
211,D,"Bandages, Water Bottle, Bread, Catnips, Batteries, Rope, Mayo, Salt, Flashlight, Disposable Gloves, Skyflakes"
212,D,"Mayo, Bandages, Eggs, Bread, Catnips, Corned Beef, Salt"
213,D,"Eggs, Salad, Catnips, Tuna, Rope, Mayo, Salt, Tomatoes, Flashlight, Disposable Gloves, Garbage Bag"
214,D,"Bandages, Eggs, Catnips, Salad, Batteries, Mayo, Salt, Flashlight, Disposable Gloves"
215,D,"Bandages, Eggs, Water Bottle, Catnips, Rope, Salt, Flashlight, Disposable Gloves, Corned Beef, Skyflakes"
216,D,"Bandages, Bread, Tuna, Rope, Salt, Mayo, Tomatoes, Flashlight, Disposable Gloves, Corned Beef, Skyflakes"
217,D,"Bandages, Water Bottle, Bread, Salad, Tuna, Rope, Salt, Mayo, Disposable Gloves, Corned Beef, Skyflakes"
218,D,"Bandages, Eggs, Water Bottle, Bread, Salad, Tuna, Batteries, Catnips, Mayo, Rope, Salt, Tomatoes, Corned Beef"
219,D,"Bandages, Catnips, Batteries, Rope, Salt, Tomatoes, Flashlight, Disposable Gloves, Corned Beef, Garbage Bag, Skyflakes"
220,D,"Bandages, Eggs, Bread, Catnips, Tuna, Batteries, Rope, Salt, Salad, Mayo, Flashlight, Garbage Bag"
221,D,"Eggs, Water Bottle, Catnips, Tuna, Rope, Mayo, Salt, Tomatoes, Flashlight, Corned Beef, Garbage Bag"
222,D,"Bandages, Eggs, Catnips, Tuna, Salad, Rope, Mayo, Salt, Tomatoes"
223,D,"Bandages, Tomatoes, Water Bottle, Salad, Tuna, Batteries, Mayo"
224,D,"Eggs, Water Bottle, Bread, Salad, Tuna, Rope, Salt, Mayo, Tomatoes, Corned Beef, Garbage Bag, Skyflakes"
225,D,"Bread, Salad, Tuna, Batteries, Salt, Mayo, Tomatoes, Disposable Gloves, Skyflakes"
226,D,"Eggs, Tuna, Batteries, Rope, Salt, Mayo, Disposable Gloves, Garbage Bag"
227,D,"Bandages, Eggs, Water Bottle, Salad, Batteries, Rope, Mayo, Salt, Flashlight, Disposable Gloves, Corned Beef, Skyflakes"
228,D,"Eggs, Bread, Catnips, Tuna, Batteries, Rope, Salt, Mayo, Tomatoes, Disposable Gloves, Garbage Bag, Skyflakes"
229,D,"Bandages, Eggs, Water Bottle, Bread, Mayo, Salt, Tomatoes, Flashlight, Disposable Gloves, Corned Beef"
230,D,"Bandages, Eggs, Water Bottle, Tuna, Batteries, Salt, Mayo, Corned Beef, Garbage Bag, Skyflakes"
231,D,"Water Bottle, Salad, Tuna, Batteries, Rope, Mayo, Tomatoes, Flashlight, Corned Beef, Skyflakes"
232,D,"Bandages, Eggs, Bread, Salad, Catnips, Rope, Mayo, Salt, Flashlight, Corned Beef"
233,D,"Bandages, Salad, Tuna, Catnips, Batteries, Rope, Mayo, Tomatoes, Flashlight, Corned Beef, Skyflakes"
234,D,"Eggs, Bread, Salad, Catnips, Batteries, Salt, Disposable Gloves, Corned Beef, Garbage Bag, Skyflakes"
235,D,"Bandages, Eggs, Water Bottle, Salad, Tuna, Salt, Rope, Mayo"
236,D,"Bandages, Eggs, Water Bottle, Salad, Tuna, Batteries, Rope, Catnips, Mayo, Salt, Flashlight, Disposable Gloves, Corned Beef"
237,D,"Bandages, Eggs, Catnips, Tuna, Batteries, Rope, Mayo, Salt, Tomatoes, Disposable Gloves, Corned Beef, Garbage Bag"
238,D,"Bread, Salad, Tuna, Batteries, Rope, Mayo, Tomatoes, Disposable Gloves, Corned Beef"
239,D,"Eggs, Bread, Catnips, Tuna, Rope, Mayo, Salt, Tomatoes, Disposable Gloves, Corned Beef"
240,E,"Bandages, Eggs, Catnips, Salad, Batteries, Tuna, Mayo, Salt, Tomatoes, Flashlight, Corned Beef, Garbage Bag"
241,E,"Water Bottle, Bread, Catnips, Rope, Salt, Tomatoes, Disposable Gloves, Corned Beef, Skyflakes"
242,E,"Bandages, Eggs, Water Bottle, Catnips, Batteries, Rope, Salt, Tomatoes, Disposable Gloves, Corned Beef"
243,E,"Bandages, Eggs, Water Bottle, Bread, Catnips, Tuna, Rope, Mayo, Salt, Tomatoes, Corned Beef, Skyflakes"
244,E,"Eggs, Bread, Catnips, Salad, Tuna, Mayo, Salt, Tomatoes, Flashlight, Corned Beef, Skyflakes"
245,E,"Bandages, Eggs, Bread, Tuna, Salt, Mayo, Tomatoes, Disposable Gloves, Corned Beef, Garbage Bag"
246,E,"Bandages, Water Bottle, Salad, Catnips, Tuna, Mayo, Tomatoes, Flashlight, Disposable Gloves, Corned Beef"
247,E,"Flashlight, Disposable Gloves, Eggs, Bread, Catnips, Batteries, Rope, Salt"
248,E,"Bandages, Water Bottle, Catnips, Batteries, Rope, Salt, Tomatoes, Flashlight, Disposable Gloves, Corned Beef, Garbage Bag"
249,E,"Eggs, Salad, Tuna, Catnips, Rope, Mayo, Salt, Disposable Gloves, Garbage Bag"
250,E,"Tomatoes, Salt, Disposable Gloves, Eggs, Salad, Batteries, Rope, Skyflakes"
251,E,"Bandages, Eggs, Water Bottle, Tuna, Batteries, Rope, Mayo, Salt, Disposable Gloves, Corned Beef, Garbage Bag, Skyflakes"
252,E,"Bandages, Eggs, Water Bottle, Bread, Salad, Catnips, Rope, Salt, Tomatoes, Flashlight, Disposable Gloves, Skyflakes"
253,E,"Bandages, Garbage Bag, Flashlight, Bread, Disposable Gloves, Tuna, Batteries, Mayo"
254,E,"Bandages, Water Bottle, Catnips, Salad, Tuna, Rope, Mayo, Salt, Tomatoes, Flashlight, Corned Beef, Garbage Bag"
255,E,"Bread, Catnips, Tuna, Salt, Mayo, Tomatoes, Flashlight, Disposable Gloves, Garbage Bag, Skyflakes"
256,E,"Bandages, Water Bottle, Salad, Catnips, Rope, Salt, Tomatoes, Disposable Gloves, Corned Beef, Garbage Bag, Skyflakes"
257,E,"Bandages, Water Bottle, Bread, Catnips, Tuna, Rope, Salt, Mayo, Tomatoes, Disposable Gloves, Corned Beef, Skyflakes"
258,E,"Bandages, Water Bottle, Bread, Tuna, Batteries, Salt, Mayo, Flashlight, Skyflakes"
259,E,"Bandages, Eggs, Water Bottle, Batteries, Rope, Salt, Mayo, Disposable Gloves, Corned Beef, Garbage Bag, Skyflakes"
260,E,"Bandages, Eggs, Salad, Tuna, Rope, Salt, Mayo, Tomatoes, Disposable Gloves, Garbage Bag, Skyflakes"
261,E,"Bandages, Salad, Tuna, Batteries, Mayo, Salt, Tomatoes, Flashlight, Corned Beef, Garbage Bag, Skyflakes"
262,E,"Bandages, Water Bottle, Bread, Catnips, Tuna, Salad, Salt, Mayo, Corned Beef, Skyflakes"
263,E,"Eggs, Water Bottle, Bread, Salad, Batteries, Salt, Disposable Gloves, Skyflakes"
264,E,"Water Bottle, Tuna, Mayo, Tomatoes, Flashlight, Disposable Gloves, Garbage Bag, Skyflakes"
265,E,"Bandages, Bread, Rope, Mayo, Salt, Corned Beef, Garbage Bag, Skyflakes"
266,E,"Bandages, Bread, Salad, Batteries, Rope, Mayo, Flashlight, Corned Beef, Garbage Bag, Skyflakes"
267,E,"Water Bottle, Bread, Salad, Tomatoes, Disposable Gloves, Garbage Bag, Skyflakes"
268,E,"Bandages, Water Bottle, Bread, Rope, Salt, Mayo, Tomatoes, Flashlight, Disposable Gloves, Corned Beef, Skyflakes"
269,E,"Salad, Catnips, Batteries, Rope, Tomatoes, Corned Beef, Garbage Bag, Skyflakes"
270,E,"Bandages, Eggs, Salad, Batteries, Salt, Tomatoes, Disposable Gloves, Corned Beef, Garbage Bag"
271,E,"Water Bottle, Catnips, Rope, Flashlight, Disposable Gloves, Corned Beef, Garbage Bag"
272,E,"Eggs, Bread, Catnips, Rope, Mayo, Salt, Flashlight, Garbage Bag"
273,E,"Bandages, Catnips, Salad, Salt, Mayo, Disposable Gloves, Corned Beef, Garbage Bag, Skyflakes"
274,E,"Tomatoes, Garbage Bag, Flashlight, Water Bottle, Tuna, Batteries, Mayo"
275,E,"Eggs, Bread, Catnips, Mayo, Salt, Tomatoes, Flashlight, Disposable Gloves, Corned Beef, Garbage Bag"
276,E,"Bandages, Eggs, Bread, Salad, Rope, Salt, Tomatoes, Flashlight, Disposable Gloves, Corned Beef, Garbage Bag, Skyflakes"
277,E,"Bandages, Bread, Catnips, Batteries, Mayo, Tomatoes, Flashlight, Corned Beef, Garbage Bag, Skyflakes"
278,E,"Bandages, Eggs, Catnips, Salad, Salt, Flashlight, Disposable Gloves, Garbage Bag, Skyflakes"
279,E,"Bread, Catnips, Tuna, Batteries, Rope, Mayo, Salt, Tomatoes, Disposable Gloves, Skyflakes"
280,E,"Bandages, Eggs, Tuna, Batteries, Salt, Mayo, Tomatoes, Disposable Gloves, Garbage Bag, Skyflakes"
281,E,"Bandages, Eggs, Water Bottle, Bread, Catnips, Batteries, Mayo, Salt, Tomatoes, Flashlight, Garbage Bag"
282,E,"Bandages, Eggs, Water Bottle, Bread, Salad, Tuna, Salt, Mayo, Tomatoes, Garbage Bag"
283,E,"Eggs, Water Bottle, Bread, Salad, Tuna, Batteries, Rope, Salt, Mayo, Tomatoes, Flashlight, Garbage Bag, Skyflakes"
284,E,"Bandages, Eggs, Water Bottle, Bread, Salad, Batteries, Salt, Tomatoes, Flashlight, Corned Beef, Garbage Bag"
285,E,"Bandages, Eggs, Water Bottle, Catnips, Tuna, Rope, Salt, Mayo, Tomatoes, Disposable Gloves, Corned Beef, Garbage Bag, Skyflakes"
286,E,"Bandages, Eggs, Bread, Salad, Tuna, Mayo, Salt, Flashlight, Disposable Gloves, Garbage Bag"
287,E,"Bandages, Eggs, Water Bottle, Bread, Catnips, Batteries, Salt, Flashlight, Disposable Gloves, Corned Beef, Garbage Bag, Skyflakes"
288,E,"Bandages, Eggs, Water Bottle, Salad, Rope, Salt, Mayo, Tomatoes, Disposable Gloves, Corned Beef, Garbage Bag, Skyflakes"
289,E,"Bandages, Water Bottle, Bread, Tuna, Batteries, Mayo, Tomatoes, Disposable Gloves, Garbage Bag"
290,E,"Eggs, Water Bottle, Salad, Catnips, Mayo, Salt, Flashlight, Disposable Gloves, Corned Beef, Garbage Bag"
291,E,"Eggs, Water Bottle, Bread, Salad, Batteries, Salt, Disposable Gloves, Corned Beef, Garbage Bag, Skyflakes"
292,E,"Bandages, Bread, Salad, Tuna, Batteries, Rope, Mayo, Salt, Disposable Gloves, Corned Beef"
293,E,"Eggs, Tuna, Batteries, Mayo, Salt, Tomatoes, Disposable Gloves, Corned Beef, Garbage Bag, Skyflakes"
294,E,"Bandages, Water Bottle, Bread, Catnips, Batteries, Mayo, Tomatoes, Disposable Gloves, Garbage Bag, Skyflakes"
295,E,"Water Bottle, Salad, Tuna, Catnips, Rope, Mayo, Batteries, Salt, Garbage Bag"
296,E,"Bandages, Catnips, Tuna, Batteries, Rope, Mayo, Tomatoes, Flashlight, Disposable Gloves, Corned Beef, Garbage Bag, Skyflakes"
297,E,"Water Bottle, Salad, Tuna, Batteries, Mayo, Flashlight, Disposable Gloves, Skyflakes"
298,E,"Water Bottle, Salad, Catnips, Tuna, Salt, Mayo, Flashlight, Disposable Gloves, Corned Beef, Garbage Bag, Skyflakes"
299,E,"Bread, Salad, Salt, Mayo, Flashlight, Disposable Gloves, Garbage Bag"
300,F,"Water Bottle, Salad, Catnips, Rope, Salt, Tomatoes, Flashlight, Corned Beef, Garbage Bag, Skyflakes"
301,F,"Bandages, Eggs, Catnips, Batteries, Salt, Mayo, Tomatoes, Flashlight, Corned Beef, Skyflakes"
302,F,"Bandages, Eggs, Bread, Catnips, Tuna, Rope, Mayo, Tomatoes, Flashlight, Disposable Gloves, Garbage Bag, Skyflakes"
303,F,"Bandages, Water Bottle, Catnips, Tuna, Batteries, Rope, Mayo, Tomatoes, Flashlight, Disposable Gloves, Garbage Bag"
304,F,"Disposable Gloves, Bread, Salad, Garbage Bag, Rope, Skyflakes"
305,F,"Bandages, Eggs, Bread, Catnips, Tuna, Batteries, Rope, Salt, Flashlight, Garbage Bag"
306,F,"Salad, Tuna, Batteries, Catnips, Rope, Mayo, Flashlight, Disposable Gloves, Corned Beef"
307,F,"Bandages, Eggs, Water Bottle, Salad, Tuna, Catnips, Salt, Mayo, Flashlight, Disposable Gloves, Corned Beef"
308,F,"Bandages, Salad, Tuna, Catnips, Mayo, Salt, Flashlight, Corned Beef, Garbage Bag"
309,F,"Bandages, Eggs, Catnips, Tuna, Batteries, Rope, Salt, Mayo, Tomatoes, Flashlight, Corned Beef, Skyflakes"
310,F,"Water Bottle, Catnips, Tuna, Salad, Rope, Mayo, Tomatoes, Flashlight, Corned Beef, Skyflakes"
311,F,"Eggs, Catnips, Tuna, Rope, Mayo, Salt, Tomatoes, Flashlight, Disposable Gloves, Skyflakes"
312,F,"Eggs, Water Bottle, Bread, Catnips, Rope, Mayo, Tomatoes, Flashlight, Garbage Bag"
313,F,"Bandages, Eggs, Water Bottle, Bread, Catnips, Tuna, Tomatoes, Flashlight, Corned Beef, Garbage Bag"
314,F,"Water Bottle, Bread, Batteries, Mayo, Flashlight, Disposable Gloves, Skyflakes"
315,F,"Eggs, Water Bottle, Catnips, Tuna, Batteries, Rope, Salt, Tomatoes, Flashlight, Disposable Gloves, Garbage Bag"
316,F,"Bandages, Bread, Catnips, Batteries, Rope, Mayo, Tomatoes, Flashlight"
317,F,"Water Bottle, Bread, Batteries, Rope, Salt, Tomatoes, Garbage Bag, Skyflakes"
318,F,"Bandages, Water Bottle, Bread, Catnips, Tuna, Batteries, Rope, Mayo, Salt, Flashlight, Disposable Gloves, Garbage Bag, Skyflakes"
319,F,"Bread, Catnips, Tuna, Batteries, Rope, Mayo, Tomatoes, Flashlight, Garbage Bag"
320,F,"Eggs, Water Bottle, Salad, Batteries, Rope, Salt, Flashlight, Disposable Gloves, Corned Beef, Skyflakes"
321,F,"Bandages, Eggs, Water Bottle, Catnips, Tuna, Salad, Rope, Tomatoes, Flashlight, Disposable Gloves, Corned Beef"
322,F,"Bandages, Eggs, Water Bottle, Bread, Salad, Catnips, Batteries, Salt, Mayo, Flashlight, Corned Beef, Skyflakes"
323,F,"Eggs, Bread, Salad, Tuna, Catnips, Rope, Salt, Flashlight, Disposable Gloves, Corned Beef, Skyflakes"
324,F,"Garbage Bag, Rope, Flashlight, Bread, Salt, Batteries, Disposable Gloves, Mayo"
325,F,"Catnips, Salad, Tuna, Rope, Salt, Tomatoes, Flashlight, Disposable Gloves, Corned Beef, Garbage Bag, Skyflakes"
326,F,"Bandages, Eggs, Water Bottle, Salad, Catnips, Batteries, Rope, Salt, Flashlight, Disposable Gloves, Garbage Bag"
327,F,"Mayo, Tomatoes, Flashlight, Eggs, Catnips, Rope, Salt"
328,F,"Water Bottle, Bread, Salad, Tuna, Catnips, Rope, Mayo, Flashlight, Disposable Gloves, Corned Beef, Garbage Bag, Skyflakes"
329,F,"Bandages, Water Bottle, Catnips, Tuna, Mayo, Salt, Tomatoes, Flashlight"
330,F,"Eggs, Water Bottle, Bread, Salad, Tuna, Catnips, Rope, Salt, Tomatoes, Flashlight, Disposable Gloves"
331,F,"Bandages, Eggs, Water Bottle, Bread, Catnips, Tuna, Rope, Mayo, Salt, Tomatoes, Flashlight, Disposable Gloves, Corned Beef, Skyflakes"
332,F,"Bandages, Eggs, Salad, Tuna, Batteries, Rope, Catnips, Tomatoes, Flashlight, Corned Beef, Skyflakes"
333,F,"Eggs, Water Bottle, Salad, Catnips, Rope, Flashlight, Corned Beef, Garbage Bag"
334,F,"Bandages, Water Bottle, Salad, Tuna, Batteries, Rope, Catnips, Tomatoes, Flashlight, Disposable Gloves, Skyflakes"
335,F,"Bandages, Eggs, Water Bottle, Catnips, Rope, Mayo, Tomatoes, Flashlight, Disposable Gloves, Corned Beef, Garbage Bag, Skyflakes"
336,F,"Bandages, Eggs, Water Bottle, Bread, Salad, Tuna, Batteries, Rope, Salt, Catnips, Flashlight, Disposable Gloves, Corned Beef"
337,F,"Bandages, Tomatoes, Flashlight, Eggs, Catnips, Skyflakes, Mayo"
338,F,"Water Bottle, Bread, Catnips, Tuna, Batteries, Rope, Mayo, Salt, Flashlight, Disposable Gloves, Garbage Bag, Skyflakes"
339,F,"Bandages, Eggs, Water Bottle, Salad, Tuna, Batteries, Rope, Catnips, Flashlight, Corned Beef"
340,F,"Bandages, Water Bottle, Bread, Salad, Rope, Salt, Tomatoes, Disposable Gloves, Corned Beef, Garbage Bag, Skyflakes"
341,F,"Eggs, Bread, Salad, Tuna, Catnips, Rope, Flashlight, Corned Beef, Garbage Bag, Skyflakes"
342,F,"Water Bottle, Bread, Catnips, Tuna, Batteries, Rope, Salt, Tomatoes, Flashlight, Disposable Gloves, Corned Beef, Garbage Bag"
343,F,"Tomatoes, Corned Beef, Garbage Bag, Flashlight, Catnips, Tuna, Batteries, Mayo"
344,F,"Salad, Tuna, Batteries, Rope, Mayo, Salt, Catnips, Flashlight, Corned Beef, Garbage Bag"
345,F,"Eggs, Catnips, Salad, Rope, Mayo, Salt, Tomatoes, Flashlight, Skyflakes"
346,F,"Bandages, Bread, Catnips, Tuna, Rope, Mayo, Salt, Tomatoes, Flashlight, Corned Beef, Skyflakes"
347,F,"Bandages, Eggs, Water Bottle, Bread, Salad, Catnips, Rope, Flashlight, Corned Beef"
348,F,"Bandages, Eggs, Water Bottle, Bread, Catnips, Tuna, Batteries, Rope, Salt, Flashlight, Corned Beef, Garbage Bag"
349,F,"Catnips, Tuna, Batteries, Rope, Salt, Flashlight, Disposable Gloves, Garbage Bag, Skyflakes"
350,F,"Flashlight, Eggs, Water Bottle, Catnips, Skyflakes, Batteries, Rope, Mayo"
351,F,"Bandages, Eggs, Water Bottle, Catnips, Tuna, Mayo, Flashlight, Disposable Gloves, Skyflakes"
352,F,"Bandages, Eggs, Water Bottle, Bread, Catnips, Tuna, Rope, Salt, Tomatoes, Flashlight, Skyflakes"
353,F,"Bread, Catnips, Tuna, Batteries, Rope, Mayo, Flashlight, Disposable Gloves, Garbage Bag"
354,F,"Eggs, Water Bottle, Catnips, Tuna, Batteries, Salt, Tomatoes, Flashlight, Skyflakes"
355,F,"Bandages, Eggs, Catnips, Salad, Tuna, Rope, Salt, Flashlight, Disposable Gloves, Corned Beef, Garbage Bag, Skyflakes"
356,F,"Water Bottle, Catnips, Tuna, Rope, Mayo, Salt, Flashlight, Garbage Bag, Skyflakes"
357,F,"Eggs, Water Bottle, Bread, Salad, Tuna, Batteries, Catnips, Rope, Tomatoes, Flashlight, Disposable Gloves, Corned Beef, Garbage Bag"
358,F,"Water Bottle, Bread, Catnips, Batteries, Rope, Salt, Mayo, Tomatoes, Flashlight, Disposable Gloves, Corned Beef, Garbage Bag, Skyflakes"
359,F,"Bandages, Eggs, Water Bottle, Catnips, Batteries, Rope, Tomatoes, Flashlight, Disposable Gloves, Corned Beef, Garbage Bag"
360,G,"Bandages, Eggs, Water Bottle, Bread, Salad, Tuna, Catnips, Rope, Mayo, Salt, Flashlight, Corned Beef, Skyflakes"
361,G,"Bandages, Eggs, Bread, Tuna, Batteries, Rope, Mayo, Salt, Tomatoes, Flashlight, Disposable Gloves, Corned Beef"
362,G,"Eggs, Water Bottle, Bread, Catnips, Salad, Rope, Mayo, Salt, Tomatoes, Flashlight, Corned Beef, Garbage Bag"
363,G,"Eggs, Catnips, Salad, Batteries, Rope, Mayo, Salt, Tomatoes, Flashlight, Disposable Gloves, Corned Beef"
364,G,"Bandages, Eggs, Catnips, Tuna, Batteries, Mayo, Salt, Tomatoes, Disposable Gloves, Corned Beef"
365,G,"Bandages, Eggs, Bread, Catnips, Rope, Mayo, Salt, Tomatoes, Disposable Gloves, Corned Beef, Skyflakes"
366,G,"Bandages, Water Bottle, Bread, Salad, Tuna, Batteries, Salt, Mayo, Tomatoes, Flashlight, Disposable Gloves, Corned Beef, Garbage Bag"
367,G,"Bandages, Bread, Salad, Batteries, Rope, Tomatoes, Flashlight, Corned Beef, Garbage Bag, Skyflakes"
368,G,"Bandages, Eggs, Bread, Catnips, Batteries, Rope, Salt, Flashlight, Disposable Gloves, Skyflakes"
369,G,"Bread, Catnips, Salad, Tuna, Rope, Mayo, Tomatoes, Disposable Gloves, Corned Beef, Garbage Bag, Skyflakes"
370,G,"Mayo, Tomatoes, Eggs, Water Bottle, Bread, Batteries, Salt"
371,G,"Bandages, Eggs, Catnips, Tuna, Rope, Salt, Mayo, Disposable Gloves, Skyflakes"
372,G,"Bandages, Bread, Salad, Batteries, Rope, Salt, Flashlight, Corned Beef, Garbage Bag"
373,G,"Bandages, Skyflakes, Water Bottle, Tuna, Garbage Bag, Mayo"
374,G,"Bandages, Eggs, Water Bottle, Bread, Catnips, Batteries, Mayo, Salt, Tomatoes, Corned Beef"
375,G,"Bandages, Eggs, Catnips, Salad, Batteries, Tuna, Salt, Rope, Mayo, Tomatoes, Disposable Gloves"
376,G,"Eggs, Water Bottle, Bread, Catnips, Salad, Tuna, Rope, Salt, Mayo, Disposable Gloves, Corned Beef, Garbage Bag, Skyflakes"
377,G,"Bandages, Eggs, Water Bottle, Rope, Mayo, Salt, Flashlight, Disposable Gloves, Corned Beef, Skyflakes"
378,G,"Bandages, Eggs, Catnips, Rope, Salt, Disposable Gloves, Corned Beef, Garbage Bag, Skyflakes"
379,G,"Batteries, Rope, Mayo, Salt, Tomatoes, Flashlight, Disposable Gloves, Garbage Bag, Skyflakes"
380,G,"Bandages, Water Bottle, Catnips, Tuna, Batteries, Disposable Gloves, Mayo"
381,G,"Bandages, Eggs, Water Bottle, Bread, Catnips, Tuna, Batteries, Mayo, Salt, Flashlight, Disposable Gloves, Corned Beef"
382,G,"Bandages, Eggs, Catnips, Rope, Mayo, Salt, Tomatoes, Flashlight, Disposable Gloves, Skyflakes"
383,G,"Flashlight, Salt, Eggs, Disposable Gloves, Batteries, Rope, Mayo"
384,G,"Eggs, Bread, Salad, Tuna, Batteries, Rope, Mayo, Salt, Disposable Gloves"
385,G,"Bandages, Eggs, Water Bottle, Bread, Tuna, Salt, Mayo, Flashlight, Skyflakes"
386,G,"Eggs, Water Bottle, Salad, Batteries, Salt, Tomatoes, Disposable Gloves, Corned Beef, Garbage Bag"
387,G,"Bandages, Bread, Catnips, Tuna, Batteries, Mayo, Salt, Tomatoes, Flashlight, Disposable Gloves, Corned Beef"
388,G,"Bandages, Bread, Catnips, Batteries, Mayo, Tomatoes, Disposable Gloves, Corned Beef, Garbage Bag, Skyflakes"
389,G,"Water Bottle, Bread, Batteries, Rope, Tomatoes, Disposable Gloves, Corned Beef, Garbage Bag"
390,G,"Eggs, Bread, Catnips, Tuna, Batteries, Rope, Mayo, Salt, Salad, Tomatoes, Flashlight, Corned Beef, Skyflakes"
391,G,"Bandages, Eggs, Water Bottle, Salad, Catnips, Batteries, Rope, Mayo, Salt, Flashlight"
392,G,"Water Bottle, Catnips, Rope, Salt, Corned Beef, Garbage Bag, Skyflakes"
393,G,"Salad, Tuna, Batteries, Mayo, Salt, Tomatoes, Flashlight, Disposable Gloves, Corned Beef, Garbage Bag"
394,G,"Bandages, Eggs, Water Bottle, Catnips, Salad, Tuna, Rope, Salt, Mayo, Garbage Bag, Skyflakes"
395,G,"Bandages, Bread, Salad, Tuna, Rope, Mayo, Tomatoes, Flashlight, Disposable Gloves, Garbage Bag"
396,G,"Eggs, Bread, Catnips, Tuna, Batteries, Salt, Mayo, Tomatoes, Disposable Gloves, Skyflakes"
397,G,"Eggs, Bread, Catnips, Tuna, Batteries, Salad, Mayo, Salt, Disposable Gloves, Garbage Bag, Skyflakes"
398,G,"Water Bottle, Catnips, Tuna, Batteries, Salt, Mayo, Tomatoes, Garbage Bag, Skyflakes"
399,G,"Bandages, Bread, Catnips, Batteries, Rope, Mayo, Salt, Flashlight, Disposable Gloves, Corned Beef, Garbage Bag"
400,G,"Bread, Salad, Tuna, Salt, Mayo, Tomatoes, Disposable Gloves, Garbage Bag"
401,G,"Bandages, Eggs, Water Bottle, Salad, Tuna, Batteries, Rope, Mayo, Salt, Disposable Gloves"
402,G,"Bread, Catnips, Tuna, Salad, Rope, Mayo, Salt, Tomatoes"
403,G,"Catnips, Salad, Batteries, Tuna, Mayo, Salt, Tomatoes, Corned Beef"
404,G,"Bread, Catnips, Tuna, Rope, Mayo, Tomatoes, Flashlight, Disposable Gloves, Garbage Bag, Skyflakes"
405,G,"Eggs, Bread, Salad, Tuna, Catnips, Rope, Salt, Mayo, Corned Beef"
406,G,"Water Bottle, Bread, Catnips, Salad, Batteries, Tuna, Mayo, Salt, Disposable Gloves, Skyflakes"
407,G,"Bandages, Water Bottle, Bread, Catnips, Batteries, Rope, Salt, Mayo, Tomatoes, Corned Beef, Garbage Bag"
408,G,"Bandages, Bread, Salad, Tuna, Batteries, Rope, Salt, Mayo, Tomatoes, Flashlight, Corned Beef, Skyflakes"
409,G,"Water Bottle, Bread, Catnips, Salad, Rope, Mayo, Salt, Tomatoes, Garbage Bag, Skyflakes"
410,G,"Bandages, Water Bottle, Bread, Tuna, Batteries, Mayo, Salt, Tomatoes, Disposable Gloves, Corned Beef"
411,G,"Eggs, Water Bottle, Bread, Salad, Catnips, Batteries, Rope, Salt, Garbage Bag"
412,G,"Water Bottle, Batteries, Salt, Mayo, Tomatoes, Corned Beef, Garbage Bag"
413,G,"Corned Beef, Salt, Garbage Bag, Eggs, Catnips, Tuna, Batteries, Mayo"
414,G,"Mayo, Tomatoes, Flashlight, Water Bottle, Catnips, Tuna, Disposable Gloves, Salt"
415,G,"Bandages, Eggs, Bread, Catnips, Tuna, Rope, Salt, Mayo, Tomatoes, Garbage Bag"
416,G,"Eggs, Water Bottle, Salad, Batteries, Salt, Flashlight, Disposable Gloves, Skyflakes"
417,G,"Bandages, Eggs, Salad, Tuna, Rope, Salt, Mayo, Disposable Gloves, Skyflakes"
418,G,"Mayo, Salt, Eggs, Water Bottle, Salad, Tuna, Batteries, Catnips"
419,G,"Bandages, Eggs, Bread, Catnips, Batteries, Salt, Tomatoes, Disposable Gloves, Garbage Bag, Skyflakes"
420,H,"Bandages, Bread, Salad, Tuna, Batteries, Rope, Mayo, Catnips, Salt, Tomatoes, Flashlight"
421,H,"Water Bottle, Bread, Catnips, Salt, Flashlight, Disposable Gloves, Garbage Bag, Skyflakes"
422,H,"Bandages, Catnips, Tuna, Batteries, Rope, Mayo, Flashlight, Disposable Gloves, Corned Beef"
423,H,"Eggs, Water Bottle, Bread, Salad, Tuna, Salt, Mayo, Disposable Gloves, Corned Beef, Garbage Bag, Skyflakes"
424,H,"Bandages, Eggs, Catnips, Tuna, Batteries, Rope, Salt, Mayo, Disposable Gloves, Corned Beef, Garbage Bag, Skyflakes"
425,H,"Bandages, Eggs, Water Bottle, Bread, Tuna, Rope, Mayo, Salt, Flashlight, Disposable Gloves, Corned Beef, Garbage Bag"
426,H,"Bandages, Eggs, Tuna, Rope, Salt, Mayo, Tomatoes, Flashlight, Disposable Gloves, Corned Beef, Garbage Bag"
427,H,"Water Bottle, Bread, Salad, Tuna, Batteries, Catnips, Salt, Mayo, Tomatoes, Flashlight, Corned Beef, Garbage Bag"
428,H,"Eggs, Bread, Catnips, Tuna, Batteries, Mayo, Salt, Tomatoes"
429,H,"Bandages, Eggs, Water Bottle, Bread, Catnips, Tuna, Batteries, Mayo, Salt, Tomatoes, Flashlight, Corned Beef, Garbage Bag"
430,H,"Bandages, Eggs, Salad, Tuna, Batteries, Mayo, Salt, Tomatoes, Garbage Bag"
431,H,"Bandages, Eggs, Water Bottle, Tuna, Rope, Mayo, Salt, Flashlight, Disposable Gloves, Garbage Bag, Skyflakes"
432,H,"Bandages, Eggs, Bread, Salad, Tuna, Rope, Mayo, Salt, Disposable Gloves, Corned Beef, Skyflakes"
433,H,"Water Bottle, Bread, Tuna, Batteries, Rope, Mayo, Salt, Tomatoes"
434,H,"Bandages, Eggs, Bread, Batteries, Rope, Salt, Mayo, Tomatoes, Disposable Gloves, Corned Beef, Garbage Bag"
435,H,"Eggs, Catnips, Salad, Batteries, Mayo, Salt, Garbage Bag, Skyflakes"
436,H,"Bandages, Eggs, Water Bottle, Bread, Batteries, Rope, Salt, Tomatoes, Flashlight"
437,H,"Eggs, Water Bottle, Tuna, Rope, Mayo, Salt, Corned Beef, Garbage Bag, Skyflakes"
438,H,"Eggs, Water Bottle, Catnips, Tuna, Batteries, Salad, Mayo, Salt, Tomatoes, Flashlight, Disposable Gloves, Corned Beef, Skyflakes"
439,H,"Bandages, Eggs, Tuna, Rope, Mayo, Salt, Tomatoes, Flashlight, Corned Beef, Garbage Bag"
440,H,"Eggs, Water Bottle, Salad, Tuna, Batteries, Mayo, Salt, Flashlight, Disposable Gloves, Corned Beef, Garbage Bag, Skyflakes"
441,H,"Eggs, Water Bottle, Bread, Salad, Tuna, Batteries, Mayo, Salt, Tomatoes, Disposable Gloves"
442,H,"Bandages, Eggs, Bread, Tuna, Batteries, Rope, Salt, Mayo, Tomatoes, Flashlight, Corned Beef, Skyflakes"
443,H,"Bandages, Bread, Salad, Catnips, Mayo, Tomatoes, Disposable Gloves, Skyflakes"
444,H,"Bandages, Flashlight, Eggs, Bread, Salad, Garbage Bag, Salt"
445,H,"Bandages, Bread, Rope, Mayo, Salt, Tomatoes, Disposable Gloves, Garbage Bag, Skyflakes"
446,H,"Bandages, Eggs, Water Bottle, Catnips, Salad, Salt, Flashlight, Skyflakes"
447,H,"Eggs, Water Bottle, Bread, Catnips, Tuna, Batteries, Salt, Mayo, Tomatoes, Flashlight"
448,H,"Bandages, Eggs, Water Bottle, Salad, Tuna, Batteries, Salt, Mayo, Flashlight, Corned Beef"
449,H,"Water Bottle, Tuna, Batteries, Rope, Salt, Mayo, Flashlight, Garbage Bag"
450,H,"Eggs, Bread, Salad, Catnips, Rope, Salt, Tomatoes, Disposable Gloves, Corned Beef"
451,H,"Bandages, Water Bottle, Catnips, Salad, Batteries, Rope, Mayo, Salt, Corned Beef, Garbage Bag"
452,H,"Bandages, Water Bottle, Bread, Salad, Flashlight, Corned Beef, Skyflakes"
453,H,"Bandages, Tomatoes, Corned Beef, Catnips, Tuna, Rope, Mayo"
454,H,"Salt, Flashlight, Eggs, Catnips, Skyflakes, Salad, Mayo"
455,H,"Eggs, Catnips, Tuna, Rope, Mayo, Salt, Disposable Gloves, Corned Beef, Garbage Bag"
456,H,"Eggs, Water Bottle, Salad, Tuna, Batteries, Salt, Mayo, Flashlight, Corned Beef"
457,H,"Bandages, Eggs, Water Bottle, Bread, Salad, Tuna, Batteries, Mayo, Salt, Disposable Gloves"
458,H,"Bandages, Catnips, Salad, Rope, Tomatoes, Flashlight, Disposable Gloves, Corned Beef, Garbage Bag, Skyflakes"
459,H,"Bandages, Water Bottle, Salad, Tuna, Batteries, Catnips, Salt, Mayo, Tomatoes, Flashlight, Disposable Gloves, Garbage Bag"
460,H,"Bandages, Salad, Tuna, Mayo, Salt, Flashlight, Disposable Gloves, Corned Beef"
461,H,"Bandages, Eggs, Water Bottle, Bread, Salad, Batteries, Rope, Salt, Tomatoes, Flashlight, Disposable Gloves, Skyflakes"
462,H,"Bread, Salad, Tuna, Rope, Salt, Mayo, Disposable Gloves, Corned Beef, Skyflakes"
463,H,"Water Bottle, Bread, Salad, Tuna, Catnips, Batteries, Mayo, Disposable Gloves, Skyflakes"
464,H,"Bandages, Eggs, Catnips, Tuna, Batteries, Rope, Salt, Mayo, Disposable Gloves, Corned Beef, Skyflakes"
465,H,"Bandages, Eggs, Water Bottle, Catnips, Batteries, Salt, Tomatoes, Flashlight, Disposable Gloves, Garbage Bag"
466,H,"Eggs, Water Bottle, Bread, Salad, Tuna, Catnips, Mayo, Salt, Tomatoes, Corned Beef, Skyflakes"
467,H,"Eggs, Water Bottle, Salad, Tuna, Rope, Mayo, Salt, Disposable Gloves, Garbage Bag, Skyflakes"
468,H,"Garbage Bag, Flashlight, Salad, Tuna, Batteries, Disposable Gloves, Mayo"
469,H,"Eggs, Water Bottle, Salad, Batteries, Salt, Tomatoes, Flashlight, Disposable Gloves, Corned Beef, Garbage Bag, Skyflakes"
470,H,"Bandages, Bread, Salad, Tuna, Catnips, Mayo, Salt, Tomatoes, Corned Beef, Skyflakes"
471,H,"Bandages, Eggs, Water Bottle, Bread, Salad, Tuna, Catnips, Salt, Mayo, Tomatoes, Flashlight, Garbage Bag, Skyflakes"
472,H,"Bandages, Eggs, Bread, Catnips, Tuna, Batteries, Mayo, Salt, Disposable Gloves, Skyflakes"
473,H,"Corned Beef, Eggs, Water Bottle, Disposable Gloves, Tuna, Salt, Mayo"
474,H,"Catnips, Tuna, Batteries, Rope, Mayo, Tomatoes, Flashlight, Garbage Bag, Skyflakes"
475,H,"Eggs, Water Bottle, Bread, Catnips, Tuna, Salad, Rope, Mayo, Salt, Batteries, Flashlight, Disposable Gloves"
476,H,"Eggs, Water Bottle, Bread, Catnips, Salad, Batteries, Salt, Flashlight, Garbage Bag, Skyflakes"
477,H,"Bandages, Eggs, Water Bottle, Salad, Catnips, Rope, Salt, Disposable Gloves, Corned Beef, Skyflakes"
478,H,"Tomatoes, Eggs, Water Bottle, Salad, Garbage Bag, Rope, Salt"
479,H,"Salt, Eggs, Water Bottle, Bread, Catnips, Tuna, Salad, Mayo"
480,I,"Water Bottle, Bread, Catnips, Tuna, Batteries, Rope, Salt, Mayo, Flashlight, Disposable Gloves, Garbage Bag"
481,I,"Bandages, Bread, Rope, Salt, Tomatoes, Corned Beef, Skyflakes"
482,I,"Bandages, Eggs, Water Bottle, Bread, Salad, Tuna, Batteries, Rope, Salt, Mayo, Catnips, Flashlight, Skyflakes"
483,I,"Water Bottle, Bread, Salad, Catnips, Batteries, Rope, Tuna, Flashlight, Disposable Gloves, Corned Beef, Garbage Bag"
484,I,"Bread, Catnips, Salad, Tuna, Rope, Tomatoes, Flashlight, Garbage Bag, Skyflakes"
485,I,"Water Bottle, Catnips, Tuna, Batteries, Rope, Mayo, Salt, Tomatoes, Flashlight, Disposable Gloves, Garbage Bag"
486,I,"Water Bottle, Bread, Catnips, Salad, Batteries, Rope, Flashlight, Garbage Bag, Skyflakes"
487,I,"Bandages, Eggs, Water Bottle, Bread, Salad, Catnips, Tuna, Rope, Flashlight, Disposable Gloves, Skyflakes"
488,I,"Tomatoes, Rope, Flashlight, Salad, Corned Beef, Garbage Bag, Disposable Gloves"
489,I,"Bandages, Bread, Rope, Salt, Mayo, Tomatoes, Disposable Gloves, Garbage Bag"
490,I,"Eggs, Bread, Catnips, Tuna, Batteries, Mayo, Flashlight, Garbage Bag, Skyflakes"
491,I,"Flashlight, Water Bottle, Bread, Salad, Tuna, Disposable Gloves, Catnips"
492,I,"Eggs, Catnips, Salad, Batteries, Rope, Flashlight, Disposable Gloves, Garbage Bag, Skyflakes"
493,I,"Bandages, Eggs, Water Bottle, Bread, Salad, Tuna, Batteries, Rope, Salt, Catnips, Tomatoes, Flashlight, Corned Beef, Garbage Bag"
494,I,"Eggs, Water Bottle, Catnips, Salad, Rope, Mayo, Flashlight, Disposable Gloves, Garbage Bag, Skyflakes"
495,I,"Water Bottle, Catnips, Tuna, Batteries, Rope, Salt, Mayo, Flashlight, Disposable Gloves, Garbage Bag, Skyflakes"
496,I,"Bandages, Water Bottle, Bread, Catnips, Tuna, Rope, Salt, Mayo, Flashlight, Corned Beef"
497,I,"Bandages, Eggs, Water Bottle, Bread, Salad, Catnips, Batteries, Tuna, Mayo, Flashlight, Corned Beef, Skyflakes"
498,I,"Bread, Salad, Batteries, Salt, Flashlight, Disposable Gloves, Skyflakes"
499,I,"Bandages, Eggs, Water Bottle, Bread, Salad, Tuna, Catnips, Rope, Mayo, Flashlight, Garbage Bag"
500,I,"Water Bottle, Catnips, Tuna, Batteries, Salad, Rope, Flashlight, Corned Beef, Garbage Bag, Skyflakes"
501,I,"Eggs, Water Bottle, Bread, Catnips, Tuna, Batteries, Flashlight, Disposable Gloves, Skyflakes"
502,I,"Bandages, Catnips, Tuna, Rope, Mayo, Salt, Tomatoes, Flashlight, Disposable Gloves, Corned Beef, Garbage Bag, Skyflakes"
503,I,"Bandages, Eggs, Salad, Corned Beef, Skyflakes"
504,I,"Flashlight, Skyflakes, Bread, Catnips, Tuna, Salad, Rope, Salt"
505,I,"Bread, Catnips, Salad, Batteries, Tuna, Rope, Tomatoes, Flashlight, Disposable Gloves, Garbage Bag, Skyflakes"
506,I,"Bandages, Eggs, Water Bottle, Bread, Salad, Tuna, Catnips, Rope, Salt, Mayo, Tomatoes, Flashlight, Disposable Gloves, Garbage Bag"
507,I,"Bandages, Eggs, Water Bottle, Bread, Salad, Batteries, Rope, Mayo, Tomatoes, Disposable Gloves, Corned Beef"
508,I,"Bandages, Eggs, Water Bottle, Bread, Catnips, Tuna, Batteries, Mayo, Tomatoes, Flashlight, Skyflakes"
509,I,"Bandages, Eggs, Bread, Catnips, Tuna, Rope, Mayo, Flashlight"
510,I,"Eggs, Water Bottle, Catnips, Tuna, Batteries, Rope, Salad, Flashlight, Disposable Gloves, Corned Beef"
511,I,"Bandages, Eggs, Bread, Salad, Catnips, Batteries, Rope, Mayo, Tuna, Flashlight, Disposable Gloves, Corned Beef, Garbage Bag, Skyflakes"
512,I,"Bandages, Eggs, Water Bottle, Salad, Tuna, Batteries, Rope, Mayo, Catnips, Flashlight, Disposable Gloves, Corned Beef, Skyflakes"
513,I,"Bread, Catnips, Tuna, Batteries, Rope, Tomatoes, Flashlight, Garbage Bag, Skyflakes"
514,I,"Bandages, Bread, Catnips, Tuna, Salad, Rope, Salt, Tomatoes, Flashlight, Disposable Gloves, Corned Beef"
515,I,"Water Bottle, Catnips, Tuna, Batteries, Mayo, Salt, Flashlight, Disposable Gloves, Corned Beef"
516,I,"Bandages, Catnips, Salad, Batteries, Tomatoes, Flashlight, Corned Beef, Garbage Bag"
517,I,"Bandages, Water Bottle, Bread, Salad, Catnips, Rope, Tomatoes, Flashlight, Corned Beef, Garbage Bag"
518,I,"Eggs, Catnips, Tuna, Rope, Tomatoes, Flashlight, Disposable Gloves, Garbage Bag, Skyflakes"
519,I,"Bandages, Corned Beef, Flashlight, Water Bottle, Catnips, Tuna, Batteries, Rope"
520,I,"Eggs, Water Bottle, Bread, Salad, Tuna, Batteries, Rope, Mayo, Catnips, Tomatoes, Flashlight"
521,I,"Flashlight, Eggs, Water Bottle, Catnips, Skyflakes, Garbage Bag, Mayo"
522,I,"Bandages, Eggs, Bread, Catnips, Tuna, Tomatoes, Flashlight, Corned Beef, Garbage Bag, Skyflakes"
523,I,"Bandages, Eggs, Water Bottle, Salad, Tuna, Catnips, Rope, Tomatoes, Flashlight, Disposable Gloves, Corned Beef"
524,I,"Bread, Catnips, Tuna, Rope, Salt, Flashlight, Disposable Gloves, Garbage Bag"
525,I,"Bandages, Water Bottle, Catnips, Salad, Batteries, Tuna, Mayo, Salt, Rope, Tomatoes, Flashlight, Disposable Gloves, Garbage Bag"
526,I,"Bandages, Bread, Salad, Catnips, Tuna, Salt, Mayo, Flashlight, Disposable Gloves, Corned Beef"
527,I,"Eggs, Water Bottle, Catnips, Tuna, Batteries, Mayo, Salt, Tomatoes, Flashlight, Corned Beef, Garbage Bag, Skyflakes"
528,I,"Eggs, Water Bottle, Salad, Tuna, Catnips, Rope, Mayo, Flashlight, Disposable Gloves, Skyflakes"
529,I,"Catnips, Tuna, Batteries, Rope, Salt, Tomatoes, Flashlight, Disposable Gloves, Garbage Bag, Skyflakes"
530,I,"Eggs, Bread, Catnips, Salad, Batteries, Rope, Mayo, Salt, Tuna, Flashlight, Corned Beef, Garbage Bag"
531,I,"Bandages, Water Bottle, Catnips, Tuna, Batteries, Rope, Mayo, Salt, Tomatoes, Flashlight, Disposable Gloves, Corned Beef, Garbage Bag, Skyflakes"
532,I,"Bandages, Tomatoes, Flashlight, Eggs, Catnips, Skyflakes, Batteries, Salt"
533,I,"Bandages, Eggs, Water Bottle, Bread, Catnips, Tuna, Rope, Tomatoes, Flashlight, Disposable Gloves, Corned Beef, Garbage Bag"
534,I,"Eggs, Water Bottle, Bread, Catnips, Rope, Salt, Tomatoes, Flashlight, Corned Beef, Skyflakes"
535,I,"Tomatoes, Flashlight, Water Bottle, Catnips, Batteries, Rope"
536,I,"Bandages, Eggs, Water Bottle, Bread, Salad, Tuna, Batteries, Catnips, Mayo, Salt, Rope, Flashlight, Disposable Gloves, Corned Beef, Garbage Bag"
537,I,"Eggs, Water Bottle, Catnips, Tuna, Batteries, Rope, Mayo, Salt, Tomatoes, Flashlight, Disposable Gloves, Corned Beef, Garbage Bag"
538,I,"Bandages, Eggs, Salad, Tuna, Batteries, Rope, Salt, Mayo, Catnips, Tomatoes, Flashlight, Disposable Gloves, Corned Beef, Garbage Bag"
539,I,"Bandages, Eggs, Water Bottle, Bread, Salad, Catnips, Rope, Mayo, Tomatoes, Flashlight, Disposable Gloves, Garbage Bag, Skyflakes"
540,J,"Bandages, Salad, Mayo, Salt, Tomatoes, Flashlight, Garbage Bag, Skyflakes"
541,J,"Eggs, Water Bottle, Bread, Catnips, Tuna, Salt, Mayo, Tomatoes, Flashlight, Garbage Bag"
542,J,"Bread, Catnips, Tuna, Batteries, Rope, Salt, Mayo, Salad, Tomatoes, Flashlight, Disposable Gloves, Garbage Bag"
543,J,"Eggs, Bread, Catnips, Salad, Rope, Salt, Flashlight, Garbage Bag, Skyflakes"
544,J,"Bandages, Bread, Salad, Tuna, Batteries, Catnips, Mayo, Tomatoes, Flashlight, Corned Beef"
545,J,"Bandages, Eggs, Water Bottle, Bread, Salad, Catnips, Rope, Salt, Tomatoes, Flashlight, Corned Beef"
546,J,"Bandages, Eggs, Water Bottle, Catnips, Salt, Tomatoes, Flashlight, Corned Beef, Skyflakes"
547,J,"Eggs, Water Bottle, Catnips, Salad, Rope, Flashlight, Disposable Gloves, Corned Beef, Garbage Bag"
548,J,"Bandages, Eggs, Water Bottle, Salad, Rope, Mayo, Flashlight, Disposable Gloves, Garbage Bag"
549,J,"Bread, Catnips, Tuna, Batteries, Rope, Salt, Tomatoes, Flashlight, Skyflakes"
550,J,"Bandages, Eggs, Water Bottle, Catnips, Salad, Salt, Mayo, Tomatoes, Flashlight, Corned Beef, Garbage Bag, Skyflakes"
551,J,"Bread, Catnips, Rope, Salt, Mayo, Tomatoes, Flashlight, Disposable Gloves, Garbage Bag"
552,J,"Eggs, Water Bottle, Catnips, Tuna, Salad, Rope, Flashlight, Corned Beef, Garbage Bag"
553,J,"Bandages, Eggs, Water Bottle, Bread, Catnips, Tuna, Batteries, Tomatoes, Flashlight, Corned Beef, Skyflakes"
554,J,"Bandages, Water Bottle, Salad, Catnips, Mayo, Tomatoes, Flashlight, Disposable Gloves, Corned Beef, Skyflakes"
555,J,"Bandages, Eggs, Water Bottle, Bread, Salad, Batteries, Salt, Mayo, Tomatoes, Disposable Gloves"
556,J,"Bandages, Bread, Catnips, Tuna, Batteries, Rope, Salt, Flashlight, Disposable Gloves, Corned Beef, Garbage Bag, Skyflakes"
557,J,"Bandages, Water Bottle, Catnips, Tuna, Batteries, Salad, Rope, Flashlight, Disposable Gloves, Corned Beef, Garbage Bag, Skyflakes"
558,J,"Eggs, Bread, Catnips, Tuna, Salad, Mayo, Flashlight, Corned Beef, Garbage Bag"
559,J,"Bandages, Eggs, Salad, Batteries, Salt, Flashlight, Skyflakes"
560,J,"Eggs, Water Bottle, Bread, Salad, Rope, Mayo, Tomatoes, Flashlight, Disposable Gloves, Corned Beef, Garbage Bag"
561,J,"Bandages, Eggs, Water Bottle, Catnips, Tuna, Batteries, Rope, Salt, Mayo, Flashlight, Disposable Gloves, Corned Beef, Garbage Bag, Skyflakes"
562,J,"Eggs, Water Bottle, Bread, Salad, Catnips, Tuna, Rope, Salt, Flashlight, Disposable Gloves, Corned Beef"
563,J,"Bandages, Water Bottle, Bread, Salad, Batteries, Rope, Mayo, Tomatoes, Flashlight, Disposable Gloves, Corned Beef, Garbage Bag"
564,J,"Bandages, Catnips, Tuna, Rope, Salt, Tomatoes, Flashlight, Garbage Bag"
565,J,"Bandages, Eggs, Bread, Batteries, Mayo, Tomatoes, Disposable Gloves, Corned Beef, Skyflakes"
566,J,"Water Bottle, Bread, Catnips, Tuna, Salad, Mayo, Salt, Tomatoes, Flashlight, Disposable Gloves, Skyflakes"
567,J,"Bandages, Corned Beef, Flashlight, Water Bottle, Bread, Catnips, Tuna, Rope"
568,J,"Bandages, Water Bottle, Bread, Batteries, Rope, Salt, Flashlight, Corned Beef, Garbage Bag, Skyflakes"
569,J,"Bandages, Eggs, Water Bottle, Catnips, Tuna, Rope, Salt, Flashlight, Garbage Bag, Skyflakes"
570,J,"Bandages, Eggs, Water Bottle, Salad, Rope, Salt, Mayo, Tomatoes, Garbage Bag, Skyflakes"
571,J,"Water Bottle, Catnips, Tuna, Salad, Rope, Salt, Mayo, Flashlight, Disposable Gloves, Garbage Bag, Skyflakes"
572,J,"Bandages, Disposable Gloves, Flashlight, Bread, Catnips, Corned Beef, Rope, Salt"
573,J,"Bandages, Water Bottle, Bread, Salad, Tuna, Catnips, Salt, Tomatoes, Flashlight, Garbage Bag, Skyflakes"
574,J,"Bandages, Eggs, Water Bottle, Salad, Mayo, Salt, Tomatoes, Garbage Bag"
575,J,"Bandages, Eggs, Bread, Salad, Tuna, Catnips, Rope, Salt, Flashlight, Disposable Gloves, Garbage Bag, Skyflakes"
576,J,"Eggs, Water Bottle, Bread, Catnips, Batteries, Rope, Tomatoes, Flashlight, Garbage Bag"
577,J,"Bandages, Water Bottle, Salad, Tuna, Catnips, Rope, Salt, Flashlight, Disposable Gloves, Garbage Bag, Skyflakes"
578,J,"Bandages, Eggs, Water Bottle, Bread, Salad, Batteries, Rope, Salt, Flashlight, Disposable Gloves, Corned Beef, Garbage Bag, Skyflakes"
579,J,"Eggs, Catnips, Tuna, Mayo, Salt, Tomatoes, Flashlight, Corned Beef, Garbage Bag"
580,J,"Bread, Catnips, Batteries, Rope, Salt, Tomatoes, Flashlight, Disposable Gloves, Garbage Bag"
581,J,"Eggs, Bread, Catnips, Tuna, Batteries, Rope, Mayo, Flashlight, Disposable Gloves, Corned Beef, Garbage Bag, Skyflakes"
582,J,"Bandages, Water Bottle, Bread, Catnips, Batteries, Rope, Tomatoes, Flashlight, Disposable Gloves, Garbage Bag, Skyflakes"
583,J,"Flashlight, Skyflakes, Water Bottle, Catnips, Tuna, Disposable Gloves, Mayo"
584,J,"Eggs, Water Bottle, Bread, Salad, Catnips, Tuna, Rope, Salt, Tomatoes, Flashlight, Disposable Gloves, Corned Beef, Garbage Bag, Skyflakes"
585,J,"Bandages, Batteries, Rope, Salt, Mayo, Tomatoes, Flashlight, Disposable Gloves, Corned Beef, Garbage Bag, Skyflakes"
586,J,"Eggs, Catnips, Salad, Tuna, Rope, Salt, Mayo, Flashlight, Disposable Gloves"
587,J,"Water Bottle, Catnips, Rope, Salt, Tomatoes, Flashlight, Disposable Gloves, Garbage Bag"
588,J,"Bandages, Eggs, Catnips, Tuna, Batteries, Rope, Flashlight, Disposable Gloves, Corned Beef, Garbage Bag, Skyflakes"
589,J,"Eggs, Water Bottle, Bread, Catnips, Rope, Salt, Tomatoes, Flashlight, Disposable Gloves, Garbage Bag"
590,J,"Catnips, Tuna, Batteries, Rope, Mayo, Salt, Flashlight, Disposable Gloves, Garbage Bag"
591,J,"Eggs, Bread, Salad, Tuna, Batteries, Rope, Salt, Catnips, Flashlight, Disposable Gloves, Skyflakes"
592,J,"Bandages, Eggs, Batteries, Rope, Salt, Mayo, Tomatoes, Flashlight, Disposable Gloves, Corned Beef, Garbage Bag, Skyflakes"
593,J,"Eggs, Catnips, Salad, Batteries, Tuna, Rope, Flashlight, Disposable Gloves, Garbage Bag, Skyflakes"
594,J,"Bandages, Salad, Tuna, Batteries, Catnips, Mayo, Salt, Tomatoes, Flashlight, Disposable Gloves, Skyflakes"
595,J,"Bandages, Water Bottle, Catnips, Salad, Batteries, Rope, Salt, Mayo, Tomatoes, Flashlight, Disposable Gloves, Garbage Bag"
596,J,"Water Bottle, Bread, Catnips, Tuna, Batteries, Salt, Flashlight, Corned Beef, Garbage Bag, Skyflakes"
597,J,"Bandages, Eggs, Bread, Batteries, Rope, Flashlight, Corned Beef"
598,J,"Bandages, Water Bottle, Bread, Catnips, Tuna, Rope, Tomatoes, Flashlight, Disposable Gloves, Corned Beef, Garbage Bag"
599,J,"Bandages, Water Bottle, Bread, Catnips, Salad, Tuna, Salt, Flashlight, Skyflakes"
